Elapsed Time,Distance,Moving Time,Distance,Max Speed,Elevation Gain,Elevation Low,Elevation High,Max Grade,Average Grade
4895,11.54,4866,11547.2002,7.099999905,286.1870117,132.8000031,299.3999939,47.70000076,-0.00866011
2768,8.62,2731,8621.299805,4.800000191,0,125.8000031,133.1000061,10.89999962,0
17910,13.8,17666,13807,9.5,1396.030029,1657,3076,49.59999847,-0.249872997
16366,8.87,16171,8870.200195,9.100000381,668.6209717,1601.199951,2078.5,49.29999924,-0.707988977
3607,8.42,3552,8423.400391,5.699999809,352.7709961,160.3000031,377.2000122,36.40000153,-0.00831018
3098,9.9,3087,9901.700195,5.300000191,0,125.8000031,134.3000031,12.39999962,0.00302978
2864,7.86,2844,7868.799805,10.39999962,166.9459991,132.8999939,236.1999969,46.5,0.00762505
0,11.13,19656,11137.59961,6.400000095,2192.610107,2121.199951,4202.799805,50,18.62520027
4344,10,4164,10001.2998,5.599999905,454.3930054,161.1999969,621.2000122,49.70000076,-0.00899883
4404,11.35,4220,11357.59961,5.800000191,280.1296997,133,279.5,34.79999924,0
57290,26.29,54559,26291.90039,15.89999962,2474.409912,997.5,3282,50,-0.036132801
13046,12.88,12082,12885.7998,10.30000019,1199.969971,555.7999878,1736.900024,50,-0.027161701
4220,9.96,4091,9966.900391,9.199999809,470.0859985,161,621.7999878,48.70000076,0.00100332
3734,9.08,3689,9085.900391,6.800000191,359.8009949,160.1999969,377.2000122,48.20000076,0.0110061
17877,42.75,16224,42753,12.89999962,239.8049927,431.3999939,959.4000244,33.29999924,-1.225880027
2941,8.73,2830,8736.400391,6.199999809,25.61779976,127.6999969,136.6999969,13.10000038,-0.0103017
4516,9.8,4436,9803.400391,6.800000191,471.4949951,161,621.7999878,49.40000153,-0.0112206
3887,15.28,3858,15283.59961,6.5,339.6740112,123,305.7000122,37.79999924,0.000654296
0,14.8,22991,14804.09961,7.900000095,1065.949951,1668.300049,2739.100098,50,0.308697999
28415,12.08,11439,12079.5,7,968.3549805,1541.300049,2496.699951,49.59999847,-0.0447038
6428,14.79,6059,14792.5,17.10000038,651.1539917,144.6999969,466.2999878,50,-0.037181001
3058,9.29,2962,9298.900391,10.39999962,23.64830017,125.8000031,134,13,-0.0010754
3186,10.02,3154,10027.90039,7.800000191,22.90430069,125.8000031,134.6000061,16.29999924,-0.0119666
2501,5.9,2434,5901.200195,8,269.4419861,256.6000061,382.8999939,49.59999847,1.359050035
6233,14.22,6016,14227.09961,7.099999905,589.0029907,281.7000122,620.9000244,48.09999847,0.030223999
11467,22.1,9707,22103.5,11.19999981,901.3209839,132.6000061,620.4000244,47.40000153,1.056390047
3239,9.81,3239,9810.900391,5.699999809,22.01370049,125.8000031,135.8000031,23.29999924,-0.045867302
4342,10,4223,10003.09961,6.099999905,476.0289917,159.1999969,623.2000122,45.90000153,0.0139957
7064,15.88,6250,15884.90039,4.800000191,342.5289917,138.8000031,466.2999878,44,-1.505200028
4903,10.31,4631,10318,8.100000381,485.1400146,159,620.4000244,49.5,-0.0048459
4840,10.49,4504,10496.2998,6.5,475.6719971,160,621.0999756,46.5,0.0152435
5999,10.76,5006,10767.2998,5.099999905,446.67099,170.6000061,377.2000122,49.5,-0.086372599
7179,16.94,6195,16944.5,6.5,237.8209991,621,675.5999756,44.59999847,-0.043081801
5235,12.82,4922,12821.09961,6.300000191,361.552002,132.8000031,299.8999939,48.70000076,0.000779964
2157,4.34,2098,4347.899902,5.699999809,346.6329956,161,504.6000061,46.79999924,7.868169785
2118,7.03,2115,7034,5.900000095,20.36009979,127.5999985,134.8000031,20.70000076,0.004265
4407,10.2,4300,10202,5.400000095,473.1180115,159.8999939,621.7999878,47.59999847,0.0107822
4173,10.23,4042,10231,7.900000095,484.1270142,159.8000031,622.5,50,0.00488711
4460,10.68,4338,10684.90039,10.89999962,524.3519897,160.1000061,620.4000244,50,0.009359
4728,10.97,4395,10971.90039,11.10000038,494.776001,158.8000031,621,48.09999847,0.0200512
4103,11.93,4049,11931.09961,9,244.1990051,133,267.7999878,46.90000153,-0.048612401
7175,15.8,6322,15802.90039,8.399999619,750.1950073,143.8000031,466.2999878,48.5,0
1776,4.88,1753,4884.600098,6.900000095,7.802140236,160.6000061,620.2999878,20.60000038,-9.403019905
2624,5.23,2531,5229.200195,5.099999905,465.5140076,160.8000031,620.0999756,45.59999847,8.783370018
2168,5.76,2132,5765.299805,6.400000095,192.8399963,281.7999878,376.6000061,49.59999847,0.017345199
3003,8.76,2992,8763.799805,5.900000095,202.8710022,132,243.6999969,28.79999924,-0.00684635
5809,13.94,5088,13944.2998,9.899999619,343.7709961,132,267.8999939,49.59999847,0.0286856
5159,12.67,4867,12669.7002,6.699999809,853.7730103,16,478.2000122,49.90000153,2.72777009
5147,12.21,4883,12213.40039,7.300000191,599.382019,252.6999969,621.2000122,49.09999847,-0.081877299
3016,8.84,2966,8845.599609,5.800000191,199.9019928,131.8999939,236.1999969,41.20000076,-0.00339152
1390,3.69,1326,3697.600098,7.099999905,114.5100021,198.3999939,236.1999969,28.79999924,-0.0162267
1831,5.58,1827,5587.899902,6.199999809,13.54699993,127.5999985,133.1000061,15.10000038,-0.0590562
2123,5.63,2011,5630.299805,5,133.4909973,131,243.6999969,44.59999847,0
1957,5.72,1943,5721.299805,5.900000095,103.2259979,132,234,35.59999847,0.0174785
2721,6.28,2393,6284.200195,5,200.4589996,158.8999939,326.2000122,47.59999847,0.00636517
3318,7.66,3185,7666.299805,9.800000191,388.8380127,296.1000061,620.4000244,47.70000076,-0.0169573
2871,8.63,2828,8629.799805,8.399999619,186.2429962,131.8999939,234,29.10000038,0.00115878
6094,15.28,5822,15283.2002,10,229.0670013,131,326.2000122,49.5,0.00392588
2001,5.61,1951,5613.200195,5.400000095,119.7539978,131,233.8999939,16.20000076,0
2022,5.65,1997,5651.299805,5.099999905,119.4140015,131,233.8999939,21.20000076,0.00353901
2064,5.65,2047,5656.799805,6.099999905,123.8180008,131,234,23.10000038,-0.00353557
3102,9.36,3061,9366,5.199999809,27.53910065,131.1000061,159,46.70000076,-0.00106769
4987,11.5,4896,11508.09961,7,409.6440125,256.2000122,383.2000122,47.90000153,0.00434477
10236,24.25,9967,24258.59961,5.5,853.2479858,125,622.7000122,49.70000076,0
15286,19.29,12287,19295.5,18.29999924,1552.72998,32.59999847,1512.199951,50,-0.025912801
32444,15.9,14169,15905,10.60000038,1504.72998,808.7999878,2522.100098,49.59999847,-1.508960009
2291,7.04,2291,7046.600098,5.099999905,18.74609947,127.5999985,133.3000031,10.89999962,0.00283825
3044,9.47,3009,9478.5,5.900000095,31.3207798,130,159,21.20000076,0
40531,21.81,17742,21809.09961,10.5,2219.52002,1697.300049,3730.100098,50,-0.084368497
11767,22.17,11234,22172.59961,5,1411.780029,285.2999878,1196.5,49.70000076,-0.0148832
3265,10.2,3117,10205.59961,4.800000191,37.24670029,119,145,17.60000038,0
5026,11.65,4994,11650.40039,4.800000191,559.1060181,281.7999878,621,49.40000153,-0.00171668
20304,7.04,19719,7043,11,634.9949951,2300.600098,2478.699951,50,0.039755799
2712,6.63,2697,6632.899902,8.100000381,380.5180054,296,621.5999756,49.70000076,0.0120611
81510,18,32110,18001.5,9.100000381,2177.830078,2124.199951,4299,50,-0.00833264
5133,12.01,5076,12015.40039,5.099999905,560.4329834,281.7000122,621.2000122,47.79999924,-0.0024968
1723,5.77,1723,5775.700195,5.5,13.56219959,127.5999985,133.1000061,14.10000038,-0.034627799
3708,7.61,2651,7617.200195,9.5,155.1920013,132.1000061,234,26.10000038,-0.00525127
2496,5.51,2132,5517.299805,5.400000095,195.1730042,281.7000122,376.2999878,36.70000076,-0.065249301
1545,1.75,1368,1751.300049,4.699999809,319.1229858,296.1000061,615.7000122,50,18.2493
17910,24.28,15783,24281.19922,4.599999905,1465.27002,1034.5,1768.5,49.59999847,0.00164737
3169,8.89,3015,8891.400391,12.69999981,26.94210052,125.8000031,139.3000031,17,0.044987299
3546,10.03,3217,10030.59961,11.5,22.31559944,125.8000031,134,11.19999981,-0.059817001
2936,9.76,2931,9768.599609,5.300000191,24.45980072,125.8000031,134,13.19999981,0
4212,11.26,3953,11266.59961,6.599999905,49.11800003,135.6000061,159,24.60000038,-0.000887579
37826,27.38,35178,27379.30078,14.80000019,1008.919983,1863.300049,2561,49,0.0018262
3344,5.13,1887,5129.700195,4.400000095,12.95699978,127.5999985,133.1000061,13.69999981,0.0155955
1911,3.55,1313,3554.5,5,177.2129974,280.8999939,377.2000122,39.09999847,-0.0112533
4314,9.99,3887,9991.099609,7.599999905,284.1499939,132.1000061,236.1999969,45.29999924,0.078069501
2328,6.75,2283,6753.899902,5.099999905,11.62621307,130,136.3000031,6.800000191,-0.002961252
3009,7.39,2536,7390.899902,4.599999905,21.22470093,125.8000031,134,11.19999981,-0.00541206
39321,3.81,39004,3817.199951,2.599999905,478.1080017,2537.899902,2999.600098,50,-0.083831102
17795,13.9,17789,13902.90039,4.599999905,792.3549805,2535.899902,2893.399902,50,0.091347903
27892,6.65,4242,6657,4.800000191,576.1459961,2535,2879.199951,50,0.066095799
46944,10.15,39625,10157.09961,10.60000038,1492.069946,2535.5,3116.399902,49.59999847,2.125610113
15782,17.66,11467,17666.90039,4.5,84.47979736,1581.5,2548.899902,31.5,-5.378990173
66999,39.12,66187,39120.5,4.099999905,2230.469971,2249.399902,3045.300049,50,0.030163201
3700,8.6,3423,8602.700195,7.300000191,193.9629974,132.8000031,236.1999969,23.10000038,-0.0046497
23195,19.73,13339,19735.19922,6.5,1109.030029,1580,2539.399902,48.90000153,4.829440117
4292,9.5,4109,9508.700195,7.699999809,499.1080017,158.3999939,623.2000122,50,0.029446701
5632,12.67,4680,12675.09961,5.900000095,318.4870605,131.8999939,377.2000122,40.40000153,0.000788948
3020,5.75,2952,5752.5,3.700000048,274.776001,1230.099976,1471.400024,49,3.928730011
4537,9.47,4350,9477.400391,6,494.4039917,159.5,621.7999878,50,0.017937399
9840,21.63,9176,21631,7.400000095,988.742981,283.3999939,915.4000244,49.09999847,-0.0124821
2432,7.27,2285,7270,5.300000191,7.594175816,129,134,12.60000038,0.001375516
2629,8.36,2603,8368.200195,5.800000191,30.34340668,132.6999969,159,9,0.00239
2926,8.25,2903,8252.5,7.099999905,225.6452789,131.6999969,236.1999969,35.40000153,0.01817631
4501,9.14,4305,9147.799805,8,475.0490112,160.1999969,621.7999878,49.70000076,0.022956301
22657,12.42,20763,12421.7002,14.39999962,1139.050049,1485.199951,1989.099976,49.59999847,-0.0128807
19004,11.93,18765,11935.2998,7.900000095,1413.72998,695.5999756,1881.599976,49.70000076,0.0578117
526,1.53,526,1536.300049,3.700000048,16.93636322,133,150,9,0.35800299
12776,17.82,9982,17820.90039,4.699999809,1309.27002,235,982.2000122,49.79999924,-0.048819099
5916,1.61,1236,1617.599976,9.399999619,231.0619965,2828,3077.399902,49.79999924,14.94810009
10487,3.66,5168,3663,1.299999952,978.1519775,2113.399902,3098.199951,49.70000076,26.83869934
8393,15.86,6296,15859.2998,5.199999809,439.8330078,803,1287.900024,34.90000153,-0.853757977
9262,6.42,3962,6423.200195,9.399999619,426.5570068,1936,2365.300049,40.59999847,-0.133890003
40828,19.52,10377,19523.80078,11.60000038,717.5419922,1421.400024,2077.699951,50,-0.081951298
47997,10.79,5964,10798.7002,16.70000076,701.1359863,2272.100098,2740.300049,48.20000076,-0.0907517
19132,9.58,6010,9580.900391,10.89999962,814.2329712,2282.300049,2883.699951,47.90000153,-0.0135687
101156,47.29,27131,47293.80078,11.69999981,2355.26001,737,2398.600098,49.29999924,-0.785727024
5186,5.41,4218,5413.899902,1.899999976,242.0359955,925.0999756,1135,39.5,3.877059937
28599,17.62,10406,17625.40039,4.199999809,565.8959961,1942.599976,2267.800049,31.79999924,1.826910019
9560,20.32,8786,20323.90039,5,269.1589966,1651.400024,1750.699951,17.79999924,-0.0265697
14264,42.16,14264,42164.80078,,121.9199982,,,,0
6781,21.08,6781,21082.40039,,457.2000122,,,,0
6907,21.08,6907,21082.40039,,457.2000122,,,,0
3582,8.85,3582,8851.389648,,457.2000122,,,,0
4320,11.26,4320,11265.40039,,304.7999878,,,,0
19146,15.93,19146,15932.5,,1139.949951,,,,0
4843,11.75,4132,11750.40039,11.19999981,269.1484985,132,240,45.09999847,0.00170207
19402,13.08,16092,13085.90039,8,1166.079956,788.5999756,1639.900024,49,-0.022161299
35933,19.16,34420,19166.90039,7.900000095,2246.47998,2109,4299,50,-0.000521733
169,0.23,169,237.6999969,3,13.3032999,3.099999905,20.10000038,43.70000076,-0.252418995
3621,9.58,3497,9588.599609,3.200000048,2.664999962,1.600000024,10.69999981,13,-0.0250297
3978,8.63,2548,8633.400391,6.099999905,38.66270065,130.3000031,150,18.70000076,0
2712,8.9,2711,8899.799805,6.199999809,27.57029915,127.5999985,137.5,18.10000038,0.00337086
10409,24.29,8922,24291,6.199999809,878.0750122,145,466.2999878,48.90000153,0
3369,9.73,3224,9738.900391,5.800000191,232.8410034,132.8000031,236.1999969,43.59999847,0
3000,10.08,2982,10082.7998,4.5,88,123,145,20,0.059507299
6419,4.15,3153,4155.899902,3.299999952,253.5740051,124.8000031,331,49,-0.137153998
8008,5.48,4145,5483.5,4.099999905,137.9290009,5.400000095,69.40000153,49.5,0.441323996
4690,11.53,4233,11532.09961,4.599999905,291.0701294,131.8999939,299.5,37.5,0.000867145
4281,9.06,3705,9066.200195,6.599999905,488.8207092,160.3999939,623,50,0.011029979
5128,12.5,3954,12506.59961,5.699999809,147,125,156,40.29999924,-0.055970449
2089,6.29,2086,6296.799805,4.800000191,77,130,162,27,-0.11116758
3558,9.37,3233,9372.200195,7.099999905,123.1479797,1102.199951,1217,36.59999847,-0.019205736
8518,16.89,7574,16894.5,5.900000095,797.3642578,145.3000031,466.2999878,49.40000153,0.000591909
11355,26.32,10511,26323.5,6.199999809,818.9380493,130,623.0999756,49,-0.000379889
5446,9.41,4070,9411.799805,4.699999809,238.3365631,132.8999939,237.5,40,-0.01062496
5979,12.66,5594,12663.2998,3.599999905,526.0109253,145,380.7000122,46.20000076,0.005527785
3702,2.29,1151,2295.399902,3.799999952,234,811,985,49.59999847,0.130696177
10378,22.46,9511,22463.90039,4.699999809,839.9293213,130,623.7000122,49.59999847,0.000445159
2483,7.31,2459,7311.399902,6.5,207.6664581,157.1000061,377.2000122,48.20000076,-1.587931156
2300,8.1,2300,8103.700195,5.400000095,64,169,247,14.10000038,-0.691042364
1670,3.07,1637,3072.5,3.099999905,3,1162,1424,16.79999924,-8.527259827
36265,44.53,28797,44529.5,3.700000048,2255.330078,960.0999756,1493.099976,49.59999847,0.69055301
1800,3.21,1800,3218.689941,,,,,,0
2611,6.88,2592,6886.600098,3.700000048,95.40000153,127,144,20,0.116168
3213,6.95,3153,6952.5,4.599999905,303,164,379,44.90000153,0.057533301
1605,4.44,1596,4439.799805,5.199999809,81,128,185.6000061,27.29999924,-1.139690042
3210,7.01,2836,7013.700195,4.900000095,192,136,250,36.09999847,-0.02851562
8573,17.05,7595,17052.5,9.199999809,1162.390015,294.2999878,1298.400024,50,-0.00527782
3007,8.67,3004,8675.200195,4.900000095,117,126,150,28.79999924,0
3550,8.57,3532,8572.5,4.599999905,206.8040619,131.8999939,243.3000031,37.5,-0.003499563
4845,9.78,4547,9785.299805,5.599999905,484,156,626,48.79999924,0.275923997
6399,19.55,6300,19550.30078,10.60000038,478.6013489,293.8999939,464.7000122,49.20000076,-0.005115011
844,2.17,799,2177.600098,4.900000095,54,417,437,23.10000038,0.275532693
12928,8.29,3081,8293.299805,14.60000038,666,1484,2040,48.20000076,0.477493882
2475,7.02,2465,7027.799805,4.900000095,20.60099983,127.5999985,135.3999939,13.69999981,0.00426876
17736,29.22,13736,29220.40039,6.199999809,1514.163818,277.5,1308.599976,49.5,0.002395587
1440,4.82,1440,4828,,,,,,0
2248,5.72,2246,5728.200195,3.900000095,16.77440071,125.8000031,133.1000061,9,-0.00523725
3970,8.14,3846,8140.600098,4.199999809,380.3511353,144.6000061,466.2999878,48.20000076,0.060192123
3863,9.4,3153,9404.5,4.900000095,62,127,142,47.59999847,0
2238,6.61,2235,6613,4,76,140,153,20,0.090730377
4995,8.13,3824,8135.100098,4.599999905,587.2686157,296.3999939,623.0999756,49.5,0.014750894
4700,9.83,4394,9836.900391,5.300000191,485,163,620,49,0.172819003
11266,18.57,8355,18576.5,8.100000381,1121.459961,795.2000122,1286.699951,49.59999847,0.0118429
3269,9.55,3203,9556.799805,4.800000191,101,126,196.3999939,35.09999847,-0.652938008
2647,6.72,2633,6723.700195,4.599999905,147.7129364,132.8999939,236.1999969,38.5,0.016360041
780,2.09,777,2089.600098,4.099999905,38,122,155,36.70000076,-0.287136286
3380,9.76,3219,9764.299805,5.300000191,148,125,173,44.20000076,-0.32772401
4322,10.16,3222,10159.09961,5,124.4000015,127,158,47.59999847,-0.177181005
3581,8.62,3346,8619.5,4,243,135,247,37.5,-0.255235225
6698,14.1,6429,14105.90039,5.099999905,596,151,467,44.79999924,0.014178464
3356,8.47,2802,8475,8.800000191,106,126,158,29.10000038,-0.24778761
1993,5.68,1930,5684.399902,4.199999809,84,125,149.6000061,19,-0.221659273
9663,16.81,8592,16810,6.400000095,1010,310,1309,46.90000153,-0.077334918
5556,14.9,5386,14904,6.599999905,327,127,332,46.20000076,0.087224908
1922,5.71,1918,5713,11.5,69,126,262,16.70000076,-2.22300005
5468,12.88,5120,12881,5,467,144,458,44.40000153,0.00776337
26456,8.26,4998,8260,8.399999619,720.4000244,1632,2080,50,-0.266344011
8787,8.61,5396,8617,3.599999905,193,1215,1242,49.5,-0.0232099
2627,3.21,2223,3215,3.299999952,123,1214,1246,49.5,-0.186625198
15249,10.83,8259,10837,3.299999952,655.3499756,1304.300049,1863.199951,49.5,-0.0138415
4467,9.67,4298,9669,6.599999905,476.2510071,159,620.5,49.5,0.026890101
5646,8,2918,8007,4,128,885,919,33.29999924,0.082427897
20495,8.45,6913,8450,7.199999809,951.5999756,2019,2694,49.5,6.35503006
5149,2.47,1881,2471,6.400000095,215.2980042,2548.300049,2681.600098,50,0
4037,5.53,1788,5536,10.60000038,64,2011,2574,49.5,-9.664019585
25785,17.15,9750,17157,9.5,953.5969849,2537.100098,2782.300049,49.59999847,-0.049542502
21384,6.09,5189,6095,6.5,774.4429932,2499.199951,2681.800049,49.5,-0.408531994
2819,7.52,2512,7524,6.099999905,185,133,250,42.90000153,-0.093035616
1472,4.89,1464,4894,4.900000095,17.4612999,125.8000031,133.5,23.10000038,0.030649776
4698,9.81,4238,9812.5,7.099999905,471,165,620,47.09999847,0.142675161
3639,8.27,2539,8270,5.400000095,65,130,142,42.90000153,0.048367593
16144,28.99,14828,28996,6.199999809,1635,268,1405,49,-0.058628775
3152,7.68,3102,7681,5.199999809,234,135,247,40,0.039057415
4472,9.56,3922,9567,7.099999905,485.2000122,161,614,45,0.209051952
3142,8.9,3132,8905,6.300000191,141,89,140,33.29999924,0.505334079
8592,18.27,7667,18278,6.199999809,725.3413696,144.8000031,466.2999878,47.59999847,0.002735529
4937,11.39,4891,11397,6,497.9893188,158.8000031,377.2000122,46.20000076,-0.000877424
3679,8.75,2786,8750,6.599999905,75.59999847,123,140,37.5,0.159999996
4616,9.66,4250,9666,5.599999905,472.6065063,159.1999969,620.5,47.59999847,0.020691082
2703,6.82,2690,6826,4,192,132,247,44.40000153,0.087899208
13358,23.71,10126,23716,5.599999905,1096.01001,295.2000122,1090.5,49.5,0.000843313
3942,11.76,3925,11765,5.599999905,29.23419952,125.8000031,137.3000031,27.29999924,-0.0118997
6044,15.35,5912,15352,5,382.7314453,133.1999969,377.2000122,47.59999847,-0.001302762
3493,6.2,3176,6206,6.199999809,307,18,265,46,-0.00966806
4438,9.15,3711,9158,4.800000191,79,-19,14,45.5,0.251147002
4165,11.95,4086,11955,7.800000191,31.92334938,125.8000031,137.3000031,33.29999924,-0.016729401
4534,9.62,4198,9623,5.300000191,468.5130005,160.1000061,620.5,48.5,0.0114309
2408,6.72,2307,6727,6.199999809,163,133,254,41.79999924,-0.044596404
4069,9.02,3871,9025,5,355.0677795,160.3000031,377.2000122,44.40000153,0.013296399
13092,23.6,11740,23604,9.100000381,1523.032471,285.7999878,1298.400024,49.59999847,0.005083884
5082,13.84,4844,13842,8.399999619,49.0373497,125.8000031,152,30,-0.003612195
9044,2.55,863,2554,4,17.49428558,132,150.8000031,28.60000038,0.031323414
23020,13.39,9825,13395.59961,10.89999962,894.0916748,1947.599976,2466.199951,48.90000153,0
4565,9.75,4151,9754,4.699999809,486,165,619,45.5,0.205044091
3069,8.46,2955,8462,6.400000095,196.9798737,131.8999939,236.1999969,44.40000153,-0.003545261
6099,13.63,5642,13637.5,4.400000095,446,136,306,45.5,-0.014665444
8364,14.39,7455,14392,6.199999809,1148.597046,288.6000061,1298.400024,49.5,-0.018760422
40730,11.01,8153,11009,9.5,1190.85022,1792.5,2840.600098,49.79999924,0.14079389
5133,11.81,5030,11810,5,448.3822327,255.3999939,382.8999939,42.90000153,-0.00592718
3386,9.3,3267,9305,3.599999905,72,134,164,20,0.042987641
4665,9.78,4352,9788,5.5,483,154,617,49,0.214548424
26796,13.45,11625,13449,4.300000191,1550.762939,1522.300049,2041.599976,50,0.121942155
4697,9.76,4531,9760,5.400000095,477,157,617,45.5,0.245901644
2914,9.02,2742,9028,5.599999905,112,127,147,30,0.099689856
8250,14.91,6486,14910,6.599999905,729,265,621,49,0.120724343
27288,11.25,8177,11258,2.400000095,1131.50293,1519.199951,2041.5,50,-0.007994316
3149,8.91,3084,8914,5,91,127,188,48,-0.578864694
4454,9.92,4277,9923,5.800000191,471,162,618,48.5,0.191474348
2995,8.15,2952,8150,7.800000191,207,134,246,33.29999924,-0.08588957
27018,12.72,11991,12721,8.399999619,1699.800049,1543,2040.900024,49.79999924,0.003144407
7510,17.72,6919,17722,7.599999905,649.5800171,256.6000061,383,46.29999924,0.00056427
4916,8.35,4026,8356,5.699999809,716.9526367,364.6000061,623.2000122,49.5,0
3453,11.23,3179,11230,6.199999809,111,126,150,31.29999924,-0.017809439
4372,9.76,3848,9761,8.399999619,576.7999878,89,622,48.20000076,0.901546955
10521,2.73,1228,2734,3.799999952,240,2068,2265,49.5,-0.877834678
2005,2.43,1302,2437,5.599999905,52,2186,2200,33.29999924,-0.369306535
26791,10.02,6356,10026,15.39999962,956.203125,2173.800049,2601.300049,50,-0.056852184
27305,10.74,8410,10746,7.900000095,1052.064453,2176.699951,2626.899902,49.5,-0.039084312
7253,15.55,5539,15558,6.5,234.1840057,612,696,45.5,0
9166,18.68,7146,18687.5,8.800000191,383.4816284,583.4000244,692,49,0.032107022
7234,5.85,3733,5853,3,113.5130157,630,685,49.29999924,0.374167085
3603,9.3,3475,9302,3.799999952,151.1158752,596.2999878,660.7000122,28.60000038,0.046226617
25440,12.43,5115,12437,4.400000095,335,447,583,45.5,0.109351128
3545,10.04,3457,10046,5.400000095,177,615,674,47.59999847,0.029862631
4655,7.2,2733,7204,10.80000019,149,-4,29,34.20000076,-0.055524707
12993,18.68,8577,18685,6.199999809,867.2822266,98.90000153,488.8999939,48.40000153,0.432967633
21996,21.65,13764,21650,4.800000191,1429.385986,909,1991.5,48.5,-0.327482671
3973,8.5,2434,8508,6.199999809,69,125,137,33.29999924,0.047014575
28470,15.46,8800,15465,5.199999809,1750.471436,813,2521.699951,49.5,-0.00452635
3885,9.78,3696,9787,9.100000381,477,161,620,46,0.163482174
4967,12.92,4610,12924,5.199999809,262,116,243,42.90000153,0.077375427
6314,14.41,5339,14414.7998,5.199999809,472.020813,132.8999939,617.9000244,42.90000153,-0.184532568
1808,4.57,1483,4573.799805,5.300000191,21.10164833,130,152,8.899999619,-0.056845512
2100,8.04,2100,8046.700195,,,,,,0
3685,9.02,3414,9022.900391,4.800000191,218.8072815,132.8000031,239,34.79999924,-0.011082911
14667,25.66,11828,25663.69922,9.399999619,1562.628662,286,1298.400024,49.40000153,0.002337933
3694,9.47,3447,9477,4.599999905,159,126,206,44.40000153,-0.179381654
2586,10.02,2582,10027,6.900000095,18.87802124,124.0999985,132.3000031,37.5,0.003989229
2509,5.76,2415,5767,7.800000191,198.9732361,160.8999939,326.2000122,46.20000076,0.005202012
1150,1.94,1108,1945,3.200000048,56,131,183,48.09999847,-2.262210846
1426,2.23,1369,2231,3.799999952,13.09593964,129,139,45.5,0.152398035
963,2.51,780,2517,6,5.076470375,125,133.1000061,45.5,-0.234406039
2008,2.78,1549,2784,4.300000191,22.04460526,132.8000031,148.8000031,49.5,0.114942528
10647,20.97,9010,20973,5.5,1073.452637,31.79999924,575,45.5,0.001430411
9748,8.72,5791,8720,5.599999905,242.2520599,235.1999969,396.2999878,49,0.008027523
1937,2.33,1452,2331.5,3.599999905,15.74504566,132,148.8000031,42.90000153,-0.042890843
4626,9.88,4081,9888.5,6.900000095,472.4440002,161.3000031,620.5999756,49.20000076,-0.058653999
6113,9.2,4842,9207,6.5,994.3099976,365.5,623.2000122,49.5,0.911262989
1570,2.04,1316,2046,3.200000048,44,128,190,36.40000153,-2.668621778
9300,3.59,5681,3594,0.899999976,883.4425659,1790,2690.699951,49.5,24.9443512
23088,9.45,4188,9453,11.19999981,1075.869751,1805.900024,3425.199951,49.59999847,-9.373744011
2636,3.18,1934,3188.199951,4.400000095,6.877724171,474.8999939,482,14.39999962,0
1156,1.91,1150,1910,3,18.54219437,133,148.8000031,42.90000153,0.005235602
4860,9.76,4402,9768,5.5,485,117.8000031,607.4000244,41.20000076,-0.006142506
787,1.31,779,1316,2.599999905,11.19494915,136.6999969,148.8000031,46.70000076,0.098784193
3212,8.14,2766,8139,5.800000191,38.30433273,127.5999985,152,46.70000076,-0.009829218
7500,19.63,7500,19633.99609,,548.6400146,,,,0
5638,11.97,5161,11975,6,582.2319336,144.6999969,466.2999878,49.5,0.002505219
3758,2.9,1968,2901,6,256,410,627,49,-2.654257059
9349,20.7,8999,20706,6.5,757.737793,269.2000122,590.2000122,49.59999847,0.030908916
5644,14.54,5469,14542,5.199999809,424.0428162,132,299.5,48.5,0.00412598
4278,9.99,4214,9994.900391,6.400000095,497.9458313,161.1000061,621,49.59999847,0
5231,10.99,3314,10998.2998,7.099999905,25.2842865,130,152,10.69999981,-0.063646197
6379,13.7,5571,13708,8.399999619,389.6265564,132.8999939,299.2999878,45.5,-0.00729501
1032,2.98,976,2981.5,11.60000038,9.004761696,127.9000015,137,6.199999809,0.204595
4453,13.48,4311,13481.59961,4.400000095,44.52994156,112.5999985,137,39.79999924,-0.048955612
485,1.16,387,1167.599976,3.799999952,0,127.0999985,128.3000031,2.400000095,0.085645773
3236,9.47,3222,9478.5,11.5,189.4059296,132,236.1999969,35.40000153,0
6938,13,4822,13008,4,201.6669312,985.2999878,1147.400024,45.5,-0.000768758
662,0.74,563,740,2.200000048,22,916.4000244,934,28.60000038,0.270270258
46537,26.26,20073,26265,9.199999809,1955.729126,1611.599976,2896.800049,50,-0.005330287
4073,8.69,3474,8691,7.599999905,222.7915497,132,243.3000031,46.29999924,0.008054309
4800,10.01,4363,10014,6,484,171,626,48.5,0.069902137
2514,8.33,2511,8331,5.699999809,26.76205254,124,132,20,-0.006001681
8343,19.25,7512,19249,6,596.1942749,132.3999939,377.2000122,49.59999847,-0.003636552
19798,17.65,11116,17651,5.199999809,861.9945679,1362.5,1738.800049,49.5,0.00056654
5943,11.62,5408,11620,7.400000095,711.69104,159.5,623.0999756,49.5,-0.013769363
4065,8.75,3113,8751,4.300000191,31.378685,125.8000031,139.3000031,20,-0.00342818
4537,8.5,3555,8499,4.599999905,291.7054749,136.1000061,299.5,44.40000153,-0.001176609
3600,1.93,3600,1931.199951,,76.19999695,,,,0
34416,19.4,15038,19407,11,1626.383179,1668.300049,3137.5,50,0
7920,14.52,6203,14520,4.599999905,195.4168243,1167.300049,1267.300049,49.59999847,0.523415983
600,1.61,600,1609.300049,,60.95999908,,,,0
7166,8.45,3167,8450,4.300000191,86.39095306,1163.599976,1207,30,-0.010650887
4264,7.61,2723,7612,5.900000095,186.7655182,133,255.6999969,50,0
3222,8.82,3198,8826,5.5,23.29817581,125.8000031,133.1000061,25.89999962,0.002266032
5894,9.07,4045,9071,6,513,145,620,48.90000153,0.297651857
1590,2.02,772,2025,4.400000095,17.7142849,133.6000061,152,49.40000153,0.088888891
2382,6.44,2202,6447,4.800000191,18.45732117,124,132,20,0
3594,9.53,3545,9535,7.900000095,236.771286,132.8000031,236.1999969,33.5,0
31463,42.3,25067,42300,5.400000095,1511.828003,1369,2147.600098,50,-0.407328606
4636,9.25,4142,9251,5.300000191,489.4002075,160.5,622.4000244,48.90000153,0.009728678
1809,4.91,1809,4917,3.700000048,115.7490997,132.8000031,187.5,33.29999924,-0.004067521
24920,10.41,7584,10411,2.5,1435.048462,395,1681.900024,49.5,12.02382088
8144,4.15,1885,4151,2.099999905,77.67948151,1654.699951,2312,40.40000153,-15.14574814
12497,9.16,5860,9164,3,123.322731,415.7999878,1706.300049,49.5,-13.5453949
27540,6.43,5273,6429.5,7.099999905,1084.286621,1654.699951,2435.100098,50,11.97604752
27485,13.95,10408,13950,4.199999809,830.4522095,1654.699951,2260.100098,49.59999847,-0.035125449
10800,8.04,10800,8046.700195,,,,,,0
2422,6.16,1893,6161,5.699999809,24.81400108,135,145.8000031,15,0.003246226
4700,9.66,3880,9659,6.800000191,496.6872864,161.6000061,620.5999756,49.40000153,0
6863,13.76,5992,13763,4.599999905,776.8553467,144.8000031,466.2999878,45.5,0.003632929
359,0.87,336,875,3.299999952,14,123,135,20,0.914285719
5385,12.47,5254,12478,4.599999905,339.0764771,134.8999939,377.2000122,49.5,-0.00080141
3801,9.22,3330,9227,4.599999905,143.2700958,129.8000031,236.1999969,30.29999924,-0.033597052
3401,8.81,3370,8817,4.599999905,185.8265381,130,243.8000031,42.90000153,-0.002268345
1704,4.85,1682,4855,5,8.572686195,131,137,12.69999981,0
3656,7,3046,6999,3.700000048,229.8450775,1454.199951,1686.599976,49.5,0
22383,25.85,16533,25852,4.400000095,1587.613037,1613.300049,3060.899902,49.5,-0.001934086
9033,12.51,6291,12517,5.699999809,602.2298584,1587.300049,2089,49.5,0.019173924
2467,7.02,2467,7027,7.400000095,22.11231995,127.5999985,136.3000031,27.29999924,-0.012807742
17995,30.09,15865,30095,5.800000191,2218.793457,291.2999878,1298.5,49.59999847,-0.000996843
3111,8.01,2560,8011,5.5,55.04964828,130.5,161.8999939,49.5,0
13139,18.11,10458,18118,5.300000191,1522.85022,1668.300049,3153.899902,45.5,-0.004415499
19614,15.02,11306,15026,4.300000191,997.0476685,1419,2349.800049,49.5,0.002662052
16399,20.1,10347,20104,4.400000095,983.1586304,1471.300049,2364.899902,49.59999847,-0.013927577
577,1.55,520,1555,5.400000095,9.098742485,131,137,29.10000038,-0.045016076
3075,8.85,3027,8850,8.399999619,19.74114418,125.8000031,134.3000031,18.20000076,-0.010169491
4604,9.61,4295,9615,6.800000191,487.3999939,153.6000061,622,45.5,0.399375975
3486,8.33,3203,8330,4.199999809,21.09695435,125.8000031,133.1000061,25,-0.007202881
13395,18.35,10137,18358,6.199999809,987.6727905,1708.800049,2652,49.59999847,0.004902495
7340,13.64,5738,13648,6.599999905,526.5370483,146.5,449,49.5,-0.002930832
4304,9.32,3770,9325,6.699999809,488.5848389,161.5,622.2999878,49.09999847,-0.003217158
6728,8.92,3326,8926,4.599999905,184.9022369,129,236.1999969,48,-0.056016132
2259,6.63,2255,6629,6.199999809,69.41355133,109,192,31.60000038,-0.769346833
15032,8.65,5187,8658,10.80000019,1036.136597,1496.5,2126.100098,50,-0.06699007
15424,19.26,10692,19266,10.80000019,2008.412964,582.5999756,2191.399902,49.59999847,-0.024914358
4324,9.85,3583,9857,12.5,538.197876,161.3999939,621.0999756,49.5,-0.214061067
15696,16.11,11116,16113,7.800000191,1138.218262,935.2999878,1823.699951,50,5.203872681
9415,11.03,7759,11032,11,140.7143707,933,1823.599976,49.59999847,-7.690355301
26409,15.33,10523,15338.7998,10,938,1770.199951,2650.800049,46.59999847,-0.066498034
3645,7.62,3060,7621,5.300000191,65.66152191,920.5,938.2000122,43.5,0.002624328
4411,11.81,4022,11813,6.599999905,33.79572296,125.8000031,137.3000031,18.20000076,0
1041,3,1031,3008,5,20.04999924,132.8999939,149,20,0.089760639
1103,3.13,1103,3129,3.799999952,15.23157883,132.8999939,149,30.79999924,-0.092681371
4692,9.7,4274,9708,4.199999809,463,160,619,45.5,0.216316447
2152,5.57,1966,5578,4.300000191,15.90915108,134.8000031,145.8999939,45.5,0
2510,7.03,2507,7030,3.799999952,29.22733688,134.6999969,159,25,0
4822,10.08,3302,10086,8.800000191,475.782135,161.1000061,620.5,49.59999847,0.000991473
17937,19.37,8961,19378,6.199999809,1238.040527,1658.900024,2770.100098,49.59999847,-0.009804933
2978,2.85,2687,2857,3,425.3740845,1936.099976,2364.600098,49.5,14.99825001
424,0.8,344,801,3.700000048,3.957000017,1658.5,1662.900024,48.09999847,-0.037453182
2275,2.59,1658,2593,2.799999952,0,1939.699951,2367.300049,44.40000153,-16.40570831
2646,7.4,2577,7407,5.599999905,148.0573425,132.8999939,236.1999969,42.09999847,-0.037802078
938,2.68,918,2682,5.599999905,26.23210526,132.8000031,152,37.40000153,0.137956753
33881,3.92,2426,3924,2.200000048,330.9432983,797.7999878,1005.200012,49.5,-0.00254842
3291,9.28,3226,9281,4.199999809,37.70925903,131,159,33.29999924,-0.006464821
4622,9.87,4474,9878,4.599999905,495,156,619,48.09999847,0.293581694
6023,13.44,5375,13448,6,390.1406555,136,263.6000061,44.40000153,0
4236,9.9,3858,9899,5,249,129,278,40,0.070714213
4116,9.72,3699,9726,5.400000095,241.6847076,131.8000031,262.1000061,45.5,-0.002056344
1979,3.6,1953,3602,6.800000191,50.25541687,1613.400024,1795.699951,22.20000076,-3.947806835
54386,35.23,27251,35238,7.199999809,3615.068848,1658.900024,3154,50,0.297406197
12924,8.85,7732,8856,3.099999905,812.7648926,1955.099976,2761.199951,49.5,-0.020325202
2627,7.4,2499,7399.5,7.199999809,51.88653183,109,132.1000061,45.5,0
4836,3.88,3048,3881,3.200000048,154.0121155,1105.599976,1260,45,-0.02834321
3495,6.87,3023,6877,4.199999809,323.8206177,160.8999939,377.2000122,44.40000153,0.001454122
3624,10.19,3494,10191.5,4,25.37373352,130.5,145,26.70000076,-0.00196242
4228,10.28,3868,10286.5,5.900000095,291.0712891,134.6000061,377,37.29999924,0.015554368
385,1.12,385,1126.5,,,,,,0
1547,1.15,958,1157,2.200000048,53.03120804,57.5,77.90000153,44.40000153,0.172860846
9371,14.69,6176,14690,9.300000191,189.5805664,9.199999809,61,39.20000076,0.010891763
8659,12.95,7773,12953,4.300000191,632.8148193,459.3999939,953.2000122,49.5,0.000772022
6114,9.18,4933,9183,5.900000095,517.6838379,87.5,414.7999878,47.59999847,-0.167701185
11372,9.23,8275,9230,3,1032.318359,1467.099976,1916,49.5,4.851571083
8002,7.42,6241,7424,6.800000191,1367.055786,405.7999878,1631.699951,49.5,14.20258617
15671,17.37,15671,17374.30078,3.599999905,569,658,1919.800049,45.5,-7.204894543
4612,6.03,3177,6035,6,366.065094,296,621.2000122,49.59999847,0.018227009
5364,6.43,3936,6438,4.400000095,429.7641907,1947.300049,2368.199951,45.5,0.013979496
12151,18.13,7911,18134,4.699999809,495.0469055,1651.099976,2059.600098,45.5,-0.007720304
2241,5.81,2150,5811,5.199999809,237.4667511,1105.599976,1259,42.90000153,-0.010325246
3738,6.82,2656,6824,4.599999905,293.072998,1105.599976,1259.400024,33.29999924,0
1200,2.73,1200,2735.899902,,152.3999939,,,,0
2390,6.23,2390,6231.5,4,211.9743652,1105.599976,1259.900024,25,-0.01444275
11575,24.58,10388,24583,5.199999809,464.6485291,1508,1673.099976,45.5,0.002033926
7355,15.48,7162,15487,4.900000095,1012.585938,945.2999878,1954.099976,49,-0.089106992
3000,6.43,3000,6437.399902,,213.3600006,,,,0
4392,10.41,4328,10415,4.099999905,310.045929,801.2000122,1087,37.5,0.144023046
2791,3.7,2787,3699.399902,2.599999905,153.9733276,1105.599976,1259.900024,24.10000038,0.23517327
2833,7.01,2817,7017,8.800000191,286.7431641,1105.599976,1260,44.40000153,0.005700442
2404,8.38,2401,8381,5.5,23.11624718,124,132.1999969,16.70000076,-0.013124925
2455,6.7,2434,6703,4.199999809,148,132,233,22.20000076,0.089512162
2332,7.67,2329,7675,5.699999809,48.81926727,620.4000244,762.5999756,20.79999924,-1.758957624
2610,6.7,2610,6702,5,553.0068359,440.7000122,1001,42.90000153,8.360191345
3974,10.17,3974,10178,3.799999952,415.5878906,1105.599976,1260,33.29999924,0
6741,9.49,6205,9491,3.799999952,804.2105103,1953.699951,2756,45.5,0.016858077
2396,6.6,2291,6601,6.800000191,49.24303436,1105.599976,1132.199951,20,-0.001514922
13081,19.03,11074,19034,5,1568.29541,1661.800049,3154.199951,49.09999847,-0.005779132
3291,9.12,3122,9123.799805,5.900000095,25.42895699,127.1999969,135.3999939,15.19999981,0.002192069
3222,8.3,3211,8305,5.199999809,188.1863861,132.6000061,234.5,48.59999847,-0.008428657
13937,32.65,12468,32657.5,8.300000191,684.4210815,1450.099976,1729.400024,46.59999847,-0.000306208
9575,22.13,7960,22137,9.5,176.174057,1086.300049,1143.099976,48.5,-0.002710394
6248,16.39,6231,16390,5.400000095,669.3706665,1107.800049,1260.400024,42.90000153,-0.001220256
5377,13.07,4924,13077,16.20000076,411.4544373,277.2999878,465.8999939,49.5,0.004588208
3000,9.18,2980,9183,5.599999905,32.15476608,131.6000061,159.6999969,20,-0.003266906
3727,9.27,3661,9276.099609,9,319.9942017,160.8000031,376.2000122,35.09999847,-0.011858432
2824,7.16,2806,7168,4.400000095,281.4639893,1107.800049,1260.5,32,0
6618,12.78,5296,12788,4.199999809,195.6609497,1225.400024,1349.599976,45.5,0.001563966
2090,5.63,2035,5633,3.799999952,180.7283783,1107.800049,1261.800049,42.90000153,-0.001775253
3107,6.49,2366,6498,4,160.3427734,1103,1260,33.29999924,-0.001538935
5587,12.97,5288,12976,4.599999905,566.0227051,143.6000061,466.2000122,44.40000153,-0.007706535
3766,11.4,3696,11400.09961,5.199999809,36.80104065,126.5999985,137.1999969,27.29999924,0
4086,10.78,4011,10784.40039,4.5,212.3820648,132.6000061,232.3999939,24.10000038,0.000927265
1348,3.75,1348,3756,4,5.862368584,130.6000061,137.1000061,40,-0.007987221
3317,9.83,3310,9829.5,4.400000095,32.89176178,126.5999985,134.3999939,20,0.013225495
3688,9.35,3678,9358.5,4.199999809,327.1260071,1107.800049,1260.5,33.29999924,-0.001068547
5187,13.68,4803,13679,4.400000095,92.94579315,1074.900024,1104.599976,22.20000076,-0.002193143
7259,16.38,7117,16388,3.400000095,647.2642822,1107.800049,1261.800049,45.5,0
4028,10.75,3885,10752,5,197.4713745,1107.800049,1262.099976,45.5,-0.00093006
3586,9.23,3386,9234,5.400000095,59.68922806,1098.900024,1121.099976,42.90000153,0
4452,9.78,4386,9785,5.199999809,470,160,617,45.5,0.15329586
3270,10.16,3270,10163,6.599999905,19.85476875,126.9000015,133.3999939,46.20000076,-0.004919807
4432,11.53,4325,11535,9.100000381,332.3222046,133.8999939,267.7999878,33.29999924,-0.006935414
4438,13.06,4393,13064.5,4.300000191,30.98988152,126.9000015,137.1000061,12.19999981,0.001530866
4466,9.72,4125,9721,7.800000191,481.5882874,160.8000031,620.5999756,49,0.007200905
2420,7.16,2412,7168.700195,4.300000191,44.41444778,134.1999969,159.6000061,6.900000095,0.008369719
4103,10.03,4100,10034,3.900000095,409.8840942,1107.900024,1260.5,37.5,0
3900,10,3882,10004.5,6.400000095,411.6317749,1107.900024,1260.5,28.60000038,0
3823,6.58,3020,6584,6.800000191,83.93387604,3.299999952,32.59999847,45.5,0.013669502
20172,25.77,14507,25770,5.199999809,1255.132813,17.60000038,185.1999969,48.90000153,0.000388048
4250,10.41,3579,10416,4,104.1646042,348.7000122,395.6000061,49.5,0.010560676
3982,5.22,3161,5223,16,74.81269836,780.9000244,830.9000244,49.5,0.344629526
3470,8.53,3414,8530,4.699999809,317.174469,1107.900024,1261.800049,45.5,-0.004689332
3436,8.94,3359,8941,3.599999905,224.3263702,1107.900024,1260.5,28.79999924,-0.002236886
3532,9.42,3459,9422,4.800000191,91.33769226,1107.800049,1148,21.10000038,-0.008490766
2241,7.21,2160,7218,5.199999809,19.80688858,120.3000031,132.5,41.70000076,0.001385425
4654,9.92,4444,9920,4.199999809,444.8789368,161.3000031,619.2000122,49.5,-0.22883065
3576,8.88,3444,8883.599609,8.100000381,222.3367615,132.3999939,235.5,29.5,0.056283489
8490,18.14,7908,18139,6.300000191,884.4509277,149.6999969,466.2999878,49.59999847,-0.036936987
3413,9.86,3413,9867,5.199999809,27.4756546,126.9000015,135.3999939,25,-0.004053917
3989,6.85,2525,6851,4.5,76.42996216,132.5,170.8999939,44.79999924,0
2393,4.77,2372,4775,3.799999952,5.420000076,131.3000031,137.1999969,33.29999924,-0.002094241
4918,12.41,4843,12415,4.599999905,318.9608765,134.1999969,376.3999939,47.59999847,-0.000805477
4647,9.69,4356,9693,7.199999809,479,172,621,47.59999847,0.12380068
8278,18.35,8272,18350.09961,5.199999809,857.8035278,159.1999969,621.5,49.70000076,0.002179825
2546,7.51,2463,7517,6.599999905,19.44194794,120.3000031,132.5,42.90000153,0
6685,16.93,6474,16931,6.300000191,522.7237549,132.3999939,299.3999939,48.5,-0.007678223
10292,18.77,7332,18773,4,209.5649414,1073.900024,1152.800049,44.40000153,-0.00053268
4010,9.89,3826,9897,6.099999905,27.62211227,126.9000015,135.3999939,33.29999924,0.003031222
3411,8.46,3341,8468,5,191.0098877,132.5,235.5,40,-0.027161077
4395,9.23,4069,9229,4.400000095,477.5622253,159.1999969,621.5999756,46.20000076,0.001083541
6499,16.43,5745,16430,10.5,94.98985291,1099.400024,1139.199951,46.20000076,-0.027388923
6928,14.09,5674,14094,3.599999905,242.2015228,1086.099976,1260.400024,42.90000153,0.046828438
4251,10.13,4167,10134,11.19999981,409,1110,1260,37.5,-1.312413692
2326,7.17,2313,7178,5,19.61070061,120.3000031,132.5,36.40000153,0.011145166
4291,9.94,4282,9949,4,409.436676,1107.900024,1260.400024,37.5,-0.003015378
7634,18.54,6830,18544,8.699999809,212.142868,1101.400024,1190.300049,44.40000153,0.024805868
2286,6.49,2276,6490,5.599999905,26.2031002,127,137.3000031,30,0.084745765
2621,7.01,2464,7009,3.599999905,32.03575516,134,159.5,18.20000076,0.001426737
2651,6.17,2512,6178,4.400000095,25.25748444,127,137.3000031,25,0.077695049
8625,9.18,3700,9185,4.400000095,31.67901421,128.3999939,146.6999969,44,-0.002177463
1764,5.16,1760,5164,4,22.54046059,134,159.6000061,41.70000076,-0.0464756
2430,6.97,2367,6978,5.699999809,97.59999847,104,168,43.5,-0.057323016
3074,7.23,3065,7232,3.599999905,285,1105,1260,33.29999924,0.069137171
9096,16.6,6530,16600,7,360.7840271,1076.900024,1270,45.5,-0.112048194
3575,9.33,3555,9336,5.099999905,338.6133423,145,395,36.40000153,0.509854317
2657,7.49,2583,7496,5.199999809,24.1235218,123.6999969,135.3999939,30,-0.014674493
2777,7.3,2666,7302,5,160.6944122,128,244,49.09999847,-0.186250344
7873,17.08,7191,17086,6.400000095,663.2521362,143.3999939,620.7000122,48.09999847,-0.001170549
3781,9.3,3720,9304,4.400000095,330.3454895,169.5,379.6000061,33.29999924,-0.067712814
3936,10.06,3887,10067,6.599999905,276.673645,137.5,385.5,45.5,0.003973378
2876,7.39,2733,7396,9.600000381,37.78567886,1107.900024,1135.900024,25,-0.001352082
2930,7.23,2850,7233,4.400000095,286.3829651,1107.900024,1261.800049,45.5,-0.001382552
11897,27.45,8637,27451.69922,4.699999809,223.4611053,1054.300049,1152.800049,13.39999962,0.000364276
600,1.61,600,1609.343994,,60.95999908,,,,0
41074,11.82,8698,11821,1.799999952,1727.788818,1795.400024,3420.5,49.5,0.176803991
3860,10.04,3761,10042,6.099999905,301,138,400,37.5,-0.248954386
3449,8.8,3217,8808,4.400000095,25.92689133,127.4000015,136.3000031,33.29999924,0.002270663
6074,14.24,5571,14248,12.60000038,465.033905,298,514,49,-0.708871424
13179,24.15,11080,24150,9.100000381,1469.895142,13.10000038,747.9000244,49.5,-0.024844721
1655,4.71,1644,4717,3.799999952,15.28900719,126.9000015,132.6999969,20,0
6223,14.2,6015,14200,5.599999905,527.9109497,137.5,619.7000122,46.70000076,0
30132,48.16,22918,48162.69922,8.899999619,1335.664551,521.5,1250.5,50,-1.512996554
5735,12.79,5618,12789,5.400000095,603.5522461,169.5,620.9000244,47.09999847,-0.00390961
3635,9.91,3632,9917,6.599999905,27.28684998,126.9000015,135.3999939,37.5,0
8200,18.54,7801,18546,5.5,780.3319092,137.5,624.7999878,49.5,0.004313598
8668,18.61,7625,18612,5.900000095,279.4743042,1100,1299.699951,48.5,-0.008596605
3819,9.97,3819,9975,4,410.127655,1107.900024,1260.5,44.40000153,0.001002506
4407,10.06,4141,10061,5,229.3104706,132.3000031,243.3000031,45.5,0.007951496
5090,10.77,4650,10776.5,6.599999905,583.7382202,169.5,618.5,49.09999847,-0.00185589
4223,10.14,3984,10144,5.400000095,277.166687,137.5,385.3999939,49.09999847,-0.002957413
3638,9.98,3550,9984.599609,4.800000191,32.33456421,126.9000015,139,12.39999962,0.045069408
6340,14.87,5954,14877,4.800000191,453.6831055,132.3999939,299.2000122,45.5,-0.001344357
7862,19.52,7465,19523,,508.0971069,140.3999939,373.2000122,,0.002561082
7203,16.92,7158,16926,,585.973938,137.5,385.5,,-0.007680492
6132,15.53,6110,15533,,457.8039551,132.6000061,385.5,,-0.274254799
2897,7.54,2838,7541,,,,,,
1808,5.05,1786,5058,,66.55021667,132.8999939,176,,0.84816134
4188,6.72,2566,6720,,122,,1133,45.5,0.446428567
2710,7.31,2706,7310,,95.08685303,1100.599976,1175.199951,,-0.002735978
9984,24.18,9166,24187,,460.2046204,986.0999756,1261.300049,,0
14163,31.92,11836,31919,,306.3037415,1167.800049,1257.300049,,-0.000626586
1816,5.1,1793,5099.600098,,19.70227242,,,,
10036,21.8,9321,21802.5,,879.086853,,,,
1664,4.36,1529,4361.700195,,18.65728378,,,,
3054,7.97,3022,7978.600098,,57.61561966,,,,
5314,10.54,4717,10543,,107.087822,1210.900024,1269.099976,,0.306364417
3668,9.05,3649,9057,,275.6621704,1107.900024,1260.599976,,-0.001104118
3874,10.21,3764,10210,,278.0025024,137.5,385.5,,-0.002938296
2132,5.85,2041,5852,,19.65906143,126.9000015,138,,-0.001708818
3806,9.49,3787,9496,,337.1238098,163.8000031,379.6000061,,-0.131634369
3592,8.48,3467,8481.5,,310.9935303,1107.900024,1260.599976,,-0.001179037
5005,10.03,4432,10030,,517.4535522,169.5,623.2000122,,0.005982054
8991,20.69,8868,20698,,1416.290771,580.2000122,1995.199951,,6.836409092
10030,15.96,7778,15965,,690.4707031,1514.5,2172.100098,,-0.010021923
4469,9.8,3888,9808,,143.5327148,980.7000122,1067.400024,,-0.010195758
6675,16.03,,16033,,460.6038513,132.6000061,385.5,,-0.267573118
5098,11.49,4914,11492,,420.7365417,284.7000122,399.1000061,,0.024364775
3133,7.93,,7938,,219.8781433,1094.199951,1260.5,,0.001259763
3469,9.7,3424,9705,,69.69541931,1079.300049,1105.5,,-0.05564142
6652,11.1,4631,11108,,112.0248413,1930.699951,1982.800049,,-0.005401513
4689,9.89,4328,9889,,512.7787476,169.5,623.0999756,,-0.010112246
1612,4.57,1586,4574,,10.22481155,124.1999969,133.3999939,,-0.10931351
3539,6.74,2724,6744,,330.2788696,1107.699951,1262.099976,,-0.007413998
10391,19.2,7423,19205,,142.5234222,1050.699951,1094.099976,,
2066,4.11,2021,4112,,,,,,
3074,7.95,3071,7958,,295.1213074,1107.900024,1260.5,,-0.001256597
2709,7.51,2701,7510,,40.65602493,1107.900024,1134.599976,,0
9061,16.77,7338,16774,,449.6784363,1657.800049,2066.699951,,-0.001788482
2415,5.63,2415,5632.700195,,,,,,
21323,42.47,20133,42471.89844,,1726.563599,,,,
6356,13.5,5840,13503.7002,,562.8835449,,,,
3084,7.31,2980,7310.5,,239.8713531,,,,
2481,4.33,2403,4332,,153.1736908,1107.900024,1261.800049,,-0.006925208
15195,24.88,12834,24888,,1051.393188,1145.199951,2088.800049,,-0.003616201
9056,13.06,8128,13063,,711.0587158,1529.199951,2140.5,,0.145448983
11677,12.74,7707,12740,,862.6239014,2087.800049,2850,,-0.03610675
1517,2.17,1343,2172,,7.609960079,1252.699951,1312.099976,,-2.720994473
33070,26.99,14336,26995,,1211.486206,1576,2441.899902,,-0.026301166
24014,38.73,19709,38732,,1635.925171,1480.599976,2299.199951,,-0.029433027
4079,8.47,3796,8471,,,,,,
3069,7.34,2952,7347,,,,,,
2574,6.28,2561,6281,,182.8206482,1107.900024,1261.599976,,-0.001592103
3226,4.17,2802,4175,,152.9189148,1107.900024,1261.800049,,0
2211,5.57,2204,5575,,,,,,
2539,7.15,2539,7157,,,,,,
2000,4.77,1978,4772,,164.797821,1107.900024,1260,,0
2620,6.12,2530,6126,,197.3826599,1107.900024,1260.400024,,0
2485,6.19,2478,6196,,199.4251862,1107.900024,1261.800049,,-0.001613945
1664,4.36,1649,4365.5,,153.1681824,1107.900024,1261.800049,,-0.002290688
2741,6.91,2732,6917,,216.3158722,1107.900024,1261.599976,,0
3401,8.45,3355,8454,,213.5964355,1072.699951,1261.800049,,-0.002365744
8704,18.11,8117,18109,,433.0324097,1861.099976,2126.199951,,0.026506158
2377,6.73,2373,6729,,,,,,
3363,8.83,3271,8833,,107.3899536,1104.199951,1152,,-0.001132118
20820,25.9,15671,25900,,1815.872681,1661.699951,3154,,-0.000772201
1895,4.79,1891,4791,,,,,,
1880,4.29,1876,4298,,,,,,
3033,6.69,3022,6691,,,,,,
10914,19.18,9992,19179,,983.1401978,1659.099976,2517.699951,,4.476771355
8375,13.45,5945,13452,,77.07123566,1657.599976,2550.699951,,-6.393844604
4183,10.43,3816,10432,,,,,,
6529,14.92,6320,14919,,,,,,
4045,5.68,2807,5685,,,,,,
1820,3.64,1451,3639.399902,,172.4279785,,,,
1661,4.7,1615,4708,,,,,,
4786,8.61,4143,8616,,,,,,
4323,4.62,2406,4626,,,,,,
10057,5.24,3701,5247,,,,,,
16022,11.84,10115,11843,,,,,,
4184,8.19,1810,8198,,,,,,
16464,12.45,10251,12458,,,,,,
27471,23.27,17258,23270,,,,,,
6,0,6,,,,,,,
4130,9.9,3481,9905,,,,,,
8555,15.23,7167,15237,,,,,,
7777,3.26,1381,3265.699951,,92.96659088,259.8999939,307.3999939,,0.456257463
17123,26.57,12913,26575,,1014.300964,1513.400024,2158.100098,,0.007902164
2522,5.57,2438,5570,,,,,,
7827,15.95,7517,15953,,511.6990051,1661.300049,,,0.003761048
6757,13.59,5099,13595,,,,,,
11536,22.04,10535,22048,,1044.481323,805.7999878,1288.900024,,0.002721335
6138,16.13,5961,16133,,205.6819458,593.9000244,694.9000244,,0.001859543
3875,10.76,3820,10768,,110.8521347,614,669.5,,0.006500743
12131,13.17,9168,13170,,709.7642822,1841.900024,2411.300049,38.59999847,-0.094912678
32995,37.9,25009,37907,,2396.916016,537,2045.300049,,-0.566649973
3999,4.84,3529,4844,,352.7385559,519.9000244,855.5,,6.92815876
34927,42.31,29877,42310,,2173.02124,541.5,1868.5,,-0.755849659
33190,36.14,25173,36140,,1926.624512,524.0999756,1545.800049,,0.091864966
25706,22.9,17620,22906,,1425.671021,550.9000244,1689.199951,,0.312581867
6992,11.49,4176,11494,,100.2246704,177.1000061,196.8999939,,0.008700191
2246,1.62,1054,1624,,6.977311134,650,674.4000244,,-1.397783279
4613,11.79,4357,11792,,169.0100403,604.2000122,681,,-0.005088195
4771,3.64,2286,3648,,32.85675049,152.6999969,174.8999939,,-0.186403513
4583,4.8,2290,4807,,23.67726707,188,196.1999969,,-0.029124195
2401,4.38,2378,4382,,32.51042557,584.4000244,650.7000122,,-1.152441859
3259,8.77,3151,8772,,111.1401596,619.4000244,695,,0
10147,15.02,7370,15026,,530.0241089,1290,2252.600098,,-3.328231096
3646,9.41,3530,9418,,130.1948547,616.2000122,665.7000122,,-0.00318539
4337,10.95,3417,10950,,151.0071869,616.2000122,695,,-0.005479452
2429,6.19,2208,6197,,64.77470398,620.7000122,654.9000244,,-0.020977892
908,2.38,842,2388,,29.99526405,620.2999878,650.5,,0.062814072
3436,8.58,3412,8583,,,,,,
1557,3.71,1545,3710.899902,,,,,,
4136,8.52,4023,8523,,,,,,
10866,14.34,7874,14348,,,,,,
18275,29.99,14092,29992,,298.0336304,1165.599976,1528.199951,,-0.610162735
5448,10.46,4953,10465,,,,,,
2327,6.74,2307,6742,,,,,,
3614,9,3553,9005,,169.3844757,131.3000031,235.6000061,,0.01332593
8218,13.58,6554,13586,,732.8135376,,466.2999878,,0.009568674
10639,21.31,9703,21317,,835.6117554,135.6000061,620.7000122,,-0.180607021
2783,6.25,2676,6258,,198.6166229,1107.599976,1260.599976,,-0.003195909
4644,12.21,4425,12216,,51.48034286,1107.599976,1136.099976,,0.037655532
1863,4.89,1700,4898,,29.22265434,1107.599976,1124.699951,,-0.00204165
1936,4.38,1922,4380,,153.3537903,1107.599976,1261.800049,,-0.00456621
3830,3.88,3081,3887,,143.8852692,1107.599976,1262,,-0.226395682
7603,16.35,7030,16349,,,,,,
2514,6.75,2498,6749,,63.57278061,1094.099976,1120.699951,,-0.001481701
1998,5.14,1888,5142,,,,,,
5514,14.5,5460,14503,,191.2421722,1196.099976,,,0
2628,6.1,2622,6104,,,,,,
12177,21.41,8256,21411,,,,,,
6843,18.36,6645,18359,,81.60383606,0.800000012,27,,-0.008715072
10006,18.17,8268,18176,,,,,,
17598,26.14,13006,26144,,,,,,
36800,13.38,10863,13388,,1526.104736,617.4000244,1633.199951,,0.000746938
7527,15.32,6569,15323,,204.4059296,3.599999905,58,,0.009136592
13242,13.43,9200,13429,,1195.273315,547.7000122,1599.099976,,0.005212599
11080,14.44,8858,14439,,1002.094666,576.4000244,1442.900024,,0.000692569
2236,6.78,2219,6785,,39.50461197,1107.599976,1133.400024,,0.001473839
6838,13.58,6194,13582,,571.5679321,284.5,620.5999756,,0.002208806
8019,5.65,3288,5653,,564,,,,
25339,13.28,9832,13286,,911.3603516,1460.199951,2094.800049,50,-0.000752672
20188,13.03,9875,13038,,667.3027344,1851.199951,2101.800049,,0.102776498
5099,3.42,2625,3425,,209.3209991,1901.800049,2000.599976,,-0.005839416
1674,4.43,1667,4430,,40.61603928,1107.599976,1138.699951,,0.659142196
1647,4.48,1640,4488,,79,,,,
1816,4.85,1798,4854,,10.8939476,1103.400024,1138.699951,,-0.679851651
3264,8.8,3173,8803,,69.2755661,1079.099976,1106.5,,-0.040895149
2795,7.18,2770,7186,,90,,,,
3795,2.81,2211,2816,,298,,,,
15977,6.99,5409,6998,,561.9909668,1233.099976,1577.5,,-0.131466135
10501,20.99,9913,20992,,917.0162354,805.7999878,1555.800049,,-0.024294969
2798,6.92,2733,6928,,85.40000153,,,,
4198,10.21,4198,10210,,412.9675598,1107.599976,1260.599976,,-0.00489716
4284,12.49,4204,12490,,86,,,,
8840,13.42,7339,13426,,538,,,,
16403,22.65,12929,22649,,713,,,,
3499,9.61,3455,9611,,87,,,,
1695,4.36,1691,4360,,33,,,,
1364,3.77,1360,3771,,52.40000153,,,,
3175,8.25,3171,8249,,275,,,,
3693,9.77,3495,9770,,82.59999847,,,,
22155,13.82,7337,13824,,457.824585,1703.300049,2367.699951,,-1.656539321
20574,13.19,9582,13197,,391.6029358,1931.5,2231.199951,,0.014397211
9537,6.83,5149,6835,,231.209137,1703.199951,1934.900024,,3.33869791
2069,5.21,2064,5210,,167.4371033,1107.599976,1260.599976,,0.001919386
2777,7.55,2594,7557,,80,,,,
1606,4.58,1592,4582.5,,40.72449875,,,,
4421,12.31,4398,12311.09961,,38.40505981,,,,
1158,3.23,1152,3230,,22,,,,
1965,5.31,1934,5315,,56.21603775,1099.900024,1140.300049,,0.639698982
6469,4.45,3319,4451,,473.9964294,1863.300049,2320.800049,,0.015726803
5169,12.92,4583,12920,,53.82637405,,,,
3163,8.33,3081,8338,,184.1822968,1107.599976,1260.599976,,0.343007922
3815,1.61,1089,1617,,151.3999939,,,,
1672,4.95,1672,4949,,40,,,,
8727,6.21,4486,6218,,284.6683044,800.7999878,1004.299988,,0.011257639
24817,15.11,15204,15118.09961,,2329.401855,,,,-0.003968752
4589,9.63,4548,9634.5,,250.0715332,,,,
4987,11.59,4566,11596,,197,,,,
10046,8.37,6390,8371,,397.2258606,1506.599976,1841.800049,,3.733126163
32628,19.26,14039,19267,,1237.55896,1534,2381.399902,,-1.554990411
1508,4.39,1497,4398,,57,,,,
1501,4.33,1492,4334,,27,,,,
3246,8.1,2964,8100,,238.5977783,1107.599976,1260.599976,,-0.004938272
1912,5.33,1907,5334,,56,,,,
1307,3.7,1298,3707,,50,,,,
1556,4.35,1496,4350,,34.59999847,,,,
26595,49.08,21404,49087,,1326.02417,250.6000061,485.7999878,,0.396031529
2198,5.63,2162,5633,,26.43975449,1123.199951,1136.900024,,-0.001775253
3635,9.32,3333,9323,,59.29294205,1098.5,1122.599976,,-0.002145232
2239,6.1,2239,6099,,33,,,,
8100,8.92,4530,8919,,786.5205078,1933.699951,2620.800049,,-0.001121202
17082,10.89,6490,10892,,1051,,,,
4801,9.95,4505,9950,,180.6986694,3147.800049,3253,,0.011055277
11493,9.36,7668,9363,,848.5668335,1727.800049,2573,,-0.004272135
9225,18.53,7706,18538,,459.0018616,1109,1491.599976,,0.001078865
1512,4.33,1512,4329.700195,,10.78999996,,,,
5931,16.91,5805,16918.5,,136,,,,
25200,12.87,25200,12874.75195,,,,,,
1544,4.32,1541,4325,,31,,,,
1306,3.69,1306,3691,,61,,,,
2874,7.76,2730,7763,,94,,,,
4929,5.26,3607,5266.5,,184.3543243,1125.300049,1307.699951,,0.015190355
14351,13.42,7594,13424,,520.5725098,203.8000031,506.6000061,,-0.003724672
4239,9.32,3931,9326,,343.1977844,513.0999756,736.7999878,,0.024662234
16450,21.43,10315,21429,,702.4161377,1129.599976,1514.099976,,-0.016333006
5194,12.75,4847,12752,,158.2662201,977.5,1066.099976,,0.000784191
21220,13.76,9445,13760,,1139.828125,1618.599976,2746,,0.01380814
4334,11.61,4192,11612,,52.13415909,1105.800049,1137.400024,,-0.000861178
4590,11.66,4325,11659,,61,,,,
1851,4.87,1734,4873,,63.57683182,1093.900024,1133.400024,,-0.002052124
3546,7.7,2804,7701,,39.55812836,1122.300049,1137.400024,,-0.001298533
18945,15.9,10963,15904,,731.0269165,943.4000244,1328.800049,,0.020120725
3114,9.17,3039,9176,,76.37611389,1071.400024,1123.099976,,-0.002179599
4064,11.64,4011,11643,,56.83866882,1056.400024,1096.300049,,0
12344,7.64,6467,7643,,799.6362915,1936.599976,2371,,0.094203845
6153,16.27,6021,16271,,205.6275787,1196.800049,1320.699951,,0.003687542
5754,12.15,5210,12154,,400,,,,
2110,5.63,2058,5635,,65,,,,
4019,9.89,3633,9896,,54,,,,
5106,9.66,3769,9659,,160.3999939,,,,
3906,11.33,3657,11333,,89,,,,
10458,11.21,7485,11213,9.399999619,650,1523,2172,45.5,0
3833,10.46,3537,10464,,113,,,,
1610,4.32,1589,4323,,49,,,,
21384,17.94,12871,17943,,1149.971436,1615.800049,2723.699951,,0.002786602
2593,6.72,2313,6722,,89,,,,
5927,14.92,5495,14922,,71,,,,
3512,9.2,3240,9199.5,,40,,,,
4031,11.41,3830,11415,,56,,,,
1952,5.19,1893,5191,,71,,,,
4018,10.7,3822,10707,,106,,,,
5132,12.94,4834,12939,,82.59999847,,,,
4960,9.16,4412,9162,,245.1304016,1417.099976,1619.900024,,0
3319,8.51,3272,8516,,116,,,,
1554,4.27,1539,4274,,49,,,,
3064,8.04,2966,8045,,33,,,,
3961,9.84,3933,9843,,334,,,,
8043,12.98,5539,12988,,258.9936218,1086.099976,1206.400024,,0.003849707
3998,10,3867,10003,,117.1374435,980,1078,,-0.109967008
2702,6.58,2664,6587,,198.2280426,1107.599976,1259.699951,,-0.001518142
8654,18.75,7827,18753.5,,496.6000061,,,,0.010664676
9253,20.73,8278,20731,,133.2725677,1049.5,1092.900024,,0
2800,4.27,2518,4271,,164,,,,
3106,4.37,2957,4374.5,,151.8496704,,,,
5278,12.46,5065,12460,,228,,,,
2781,4.36,2748,4362.899902,3.299999952,151.8720398,1107.599976,1259.699951,25,0
7582,15.04,5096,15047,6.300000191,701.0310669,1237.699951,1498.699951,49.5,0.148866877
10596,7.83,4650,7838,4.400000095,284.7427673,1474.699951,1764.400024,49.5,-0.040826742
24958,18.28,15759,18283,4.800000191,1305.381836,1478.400024,2762.199951,49.5,0.008751299
30521,21.21,30519,21211,3.099999905,822,1477,2129,47.59999847,-0.00942907